{"dados":[12.0,24.0,33.0,32.0,21.0],"media":24.4,"mediana":0.0,"moda":0.0,"amplitude":21.0,"variancia":59.44,"desvioPadrao":7.709734106958553,"coeficienteDeVariacao":31.597270930158004,"descricao":"oi"}